objective,scenario_id,scenario_family,repetitions,ws_uf_status,no_ws_uf_status,ws_fc_status,no_ws_fc_status,ws_uf_total_ms,no_ws_uf_total_ms,uf_delta_ms,uf_deviation_pct,uf_feasible,ws_fc_total_ms,no_ws_fc_total_ms,fc_delta_ms,fc_deviation_pct,fc_feasible,ws_hastar_ms,ws_id_ms,ws_uf_solver_ms,no_ws_uf_solver_ms,ws_fc_solver_ms,no_ws_fc_solver_ms,ws_uf_iters,no_ws_uf_iters,ws_fc_iters,no_ws_fc_iters,ws_uf_final_mass_kg,no_ws_uf_final_mass_kg,ws_uf_flight_time_s,no_ws_uf_flight_time_s,ws_fc_final_mass_kg,no_ws_fc_final_mass_kg,ws_fc_flight_time_s,no_ws_fc_flight_time_s
min_fuel,escenario1,empty,2,OK,OK,OK,OK,956.5075905,1561.6798655,-605.172275,0.13826508601430207,True,6653.069718,11232.722541,-4579.652822999999,4.18550714774508,True,65.1340035,2.079952,884.1261755,1559.7471245,5826.1284525,11175.7232505,16,18,55,44,3999.2834063052223,3999.284082590095,64.35850199624315,64.59894734947326,3999.2421018898576,3999.213811647423,60.79468520511017,59.69652509658507
min_fuel,escenario2,empty,2,OK,OK,OK,OK,509.9261845,668.6520820000001,-158.7258975000001,0.6622696758152453,True,5205.3604445,12073.4262505,-6868.0658060000005,3.965134718051418,True,42.087495000000004,15.656346,448.9793635,667.497057,4700.547296999999,12000.081237,11,18,48,47,3998.690633825102,3998.7034070136933,62.343614415872736,63.561384581100484,3998.599714744952,3998.5879347043874,56.838740793576434,56.82062009876147
min_fuel,escenario3,empty,2,OK,OK,OK,OK,1144.9878405,1697.2567445,-552.268904,2.7778613619237396,True,11332.9779505,21329.6237,-9996.6457495,4.427803181807697,True,63.3377565,7.215186,1069.212563,1695.9147295,10164.080592999999,21231.010532,23,36,83,59,3998.6746098674075,3998.729528047951,99.21494575105174,99.64745532865236,3998.4477962997953,3998.4254431308686,87.58374778174976,88.14313497519437
min_fuel,escenario4,empty,2,OK,OK,OK,OK,1669.330861,1472.3990935000002,196.93176749999975,2.8710276840873465,True,12216.781644499999,17138.706122,-4921.924477500001,4.158261798557893,True,77.70579699999999,12.1318415,1572.1224699999998,1470.2479655,10782.3455625,17053.664342,26,27,86,63,3998.0660710365614,3998.1252896240703,100.71138446316066,100.38167571352969,3998.069478216214,3998.0457838883044,89.19500432778526,90.22126911227731
min_fuel,escenario5,nfz_only,2,OK,INFEASIBLE,OK,OK,2274.253408,4882.1624865,-2607.9090785000003,75.07274892396804,False,12762.64357,20638.4177605,-7875.7741905,3.930705033416266,True,123.5037885,4.4312315,2141.6473365,4880.273107499999,10395.578536500001,20472.5445605,47,122,111,69,3998.9039344945913,4000.0,90.58143319720145,57.13231432826876,3998.8019618824032,3998.7588854446417,75.60429379410458,75.60325218292569
min_fuel,escenario6,nfz_only,2,OK,INFEASIBLE,OK,OK,2552.8882675,25239.2753605,-22686.387093,52.10873498420656,False,9444.257304499999,20951.773622,-11507.516317500002,3.541126902768933,True,154.45164849999998,5.9299895,2386.855183,25237.406311,7366.3240545,20832.212571,32,371,74,63,3998.6454999544526,4000.0,107.28038147079644,83.53986058047464,3998.4219413736655,3998.4228928781113,90.92068975909788,92.86427476807941
min_fuel,escenario7,waypoint_only,2,OK,INFEASIBLE,OK,TIMEOUT,2822.767888,2355.5690274999997,467.19886050000014,100.79969542988202,False,11912.595959499999,61161.196161500004,-49248.600202,7.384427159481367,False,208.2118135,25.3005995,2573.6991175000003,2353.975081,9011.8390945,60909.910632,36,38,72,162,3994.715397136222,4000.0,344.5943501479838,217.49776054554485,3993.977401585969,3995.5451942780282,287.98552546941585,301.72458442923596
min_fuel,escenario8,nfz_waypoint,2,OK,OK,OK,OK,3047.878055,2226.884991,820.9930640000002,13.297558971303035,True,11099.6295605,48823.8866745,-37724.257114,3.6967264319033326,True,112.1114655,8.4063895,2921.2171719999997,2225.181114,8419.6140715,48657.6786365,38,39,79,118,3998.3791043071487,3998.2631725775464,125.07763904521892,129.75148516221802,3998.293609914843,3998.2870102747843,116.7631347886404,117.00127783980221
min_time,escenario1,empty,2,OK,OK,OK,OK,524.8173785,451.78196049999997,73.03541800000005,0.2145302998490401,True,4485.212291,12103.5989165,-7618.386625499999,3.76989208732052,True,48.98019600000001,1.593837,469.91756599999997,450.596359,3940.318943,12052.440138000002,13,13,48,51,3998.8356562277504,3998.8516114487,51.086588122705166,51.376615187902416,3998.9027630556448,3998.9075744460097,52.84770195515195,53.16647398434512
min_time,escenario2,empty,2,OK,OK,OK,OK,736.7399525000001,635.885655,100.85429750000003,0.19888262772397206,True,5242.791671499999,8162.558494499999,-2919.766823,3.531364919517863,True,41.429877,16.768046499999997,675.3931065,634.3480755,4512.177692,8099.074287,17,17,54,34,3998.526337867656,3998.5335577663586,54.6006141336068,54.90135762321381,3998.4824276524046,3998.5109699133022,55.33634351995309,56.52521136848632
min_time,escenario3,empty,2,OK,OK,OK,OK,1351.985102,1269.071715,82.91338700000006,0.04675338218989208,True,8456.51939,12916.318405,-4459.7990150000005,4.529641319429746,True,53.606239,6.1533584999999995,1287.764261,1267.812412,7055.9702645,12836.831072,30,28,75,48,3998.490246233667,3998.492073494881,84.64244650157302,84.59420189857588,3998.217605221892,3998.222998463397,87.28194366787447,87.38769640226229
min_time,escenario4,empty,2,OK,OK,OK,OK,1232.6792169999999,1024.8028675,207.87634949999983,0.06685700508474395,True,10260.1900575,13950.1020345,-3689.9119769999998,4.518542785255623,True,63.4297735,8.279187,1156.5671695,1023.2025895,8490.890809,13862.259211,25,22,78,44,3997.9461980531405,3997.9461111161418,89.5354330875774,89.4171917762235,3997.88329918202,3997.883705787929,87.31413560237823,87.39092450155903
min_time,escenario5,nfz_only,2,OK,INFEASIBLE,OK,OK,2392.753681,5089.5358285,-2696.7821475,76.78520503854334,False,10459.854656,12392.2797785,-1932.4251225000007,3.747514794499296,True,149.20637699999997,5.17077,2233.2369595,5087.6883195,8522.1359835,12260.487151000001,39,119,93,51,3998.3994222174206,4000.0,75.41170536689845,57.13231432826876,3998.4876891115086,3998.4853330992814,72.32947359428002,73.32217709399401
min_time,escenario6,nfz_only,2,OK,INFEASIBLE,OK,OK,2224.7352505,20945.5379195,-18720.802668999997,51.67236243599014,False,12863.017802999999,22669.299770999998,-9806.281968,3.407752361588548,True,122.1412555,4.3852185,2092.9154815,20943.720384,9435.5937455,22502.1980765,33,349,79,63,3998.4837788594323,4000.0,94.74968932695289,83.53986058047464,3998.2397326760483,3998.322282373608,86.1815523053133,90.26944736875056
min_time,escenario7,waypoint_only,2,OK,INFEASIBLE,OK,TIMEOUT,2935.475554,3291.6332755000003,-356.1577215000002,99.92847776135663,False,11607.8369695,61953.501456,-50345.6644865,7.673694382047839,False,193.293472,22.9434325,2705.744412,3290.3298145,8756.738638499999,61672.7479945,39,41,78,155,3993.6154313508046,4000.0,283.12299131325096,217.49776054554485,3993.8923013026783,3995.5451942780282,287.96298339876597,301.72458442923596
min_time,escenario8,nfz_waypoint,2,OK,OK,OK,OK,2338.048303,2783.0895435,-445.0412405000002,13.57545823621648,True,10805.818578,41418.704749,-30612.886171,3.287435107031342,True,105.269151,7.545804,2213.2424195,2781.2590965,8508.2879075,41295.2262355,38,46,82,111,3997.9871293452707,3997.9320602907333,101.45854951162526,109.50045718096739,3998.0372940790276,3998.0914207621504,105.0842152873405,107.80821907802445
